Date,Winning Numbers,Mega Ball,Jackpot
01/01/2002,"16, 24, 39, 45, 50",36,"$51,000,000"
01/04/2002,"7, 12, 24, 34, 37",35,"$58,000,000"
01/08/2002,"14, 17, 25, 32, 46",30,"$67,000,000"
01/11/2002,"4, 5, 21, 24, 38",21,"$80,000,000"
01/15/2002,"4, 8, 32, 41, 49",20,"$5,000,000"
01/18/2002,"1, 2, 9, 26, 27",6,"$7,000,000"
01/22/2002,"1, 12, 35, 37, 49",1,"$9,000,000"
01/25/2002,"9, 23, 29, 32, 45",30,"$12,000,000"
01/29/2002,"4, 21, 30, 33, 48",34,"$15,000,000"
02/01/2002,"4, 15, 17, 23, 33",29,"$19,000,000"
02/05/2002,"5, 11, 30, 33, 43",12,"$23,000,000"
02/08/2002,"3, 13, 19, 40, 47",13,"$5,000,000"
02/12/2002,"2, 6, 10, 26, 29",33,"$7,000,000"
02/15/2002,"2, 19, 41, 45, 47",24,"$9,000,000"
02/19/2002,"25, 27, 37, 40, 48",1,"$11,000,000"
02/22/2002,"4, 11, 37, 40, 44",9,"$14,000,000"
02/26/2002,"6, 19, 22, 40, 44",27,"$17,000,000"
03/01/2002,"13, 17, 37, 49, 50",36,"$22,000,000"
03/05/2002,"2, 13, 15, 21, 46",3,"$26,000,000"
03/08/2002,"13, 15, 31, 36, 49",18,"$30,000,000"
03/12/2002,"4, 8, 20, 29, 47",5,"$36,000,000"
03/15/2002,"5, 10, 22, 34, 45",2,"$42,000,000"
03/19/2002,"17, 28, 31, 35, 37",7,"$48,000,000"
03/22/2002,"7, 12, 19, 35, 41",34,"$56,000,000"
03/26/2002,"1, 15, 17, 22, 40",22,"$66,000,000"
03/29/2002,"15, 26, 28, 35, 44",30,"$76,000,000"
04/02/2002,"34, 37, 38, 39, 42",21,"$92,000,000"
04/05/2002,"8, 21, 35, 47, 50",15,"$117,000,000"
04/09/2002,"1, 15, 17, 21, 41",4,"$155,000,000"
04/12/2002,"6, 13, 14, 17, 41",6,"$220,000,000"
04/16/2002,"7, 10, 25, 26, 27",23,"$325,000,000"
04/19/2002,"3, 4, 26, 40, 46",4,"$5,000,000"
04/23/2002,"3, 27, 31, 45, 47",3,"$7,000,000"
04/26/2002,"11, 12, 21, 39, 44",1,"$12,000,000"
04/30/2002,"4, 5, 9, 26, 42",20,"$5,000,000"
05/03/2002,"2, 21, 27, 35, 49",8,"$7,000,000"
05/07/2002,"2, 22, 26, 39, 40",11,"$10,000,000"
05/10/2002,"1, 7, 35, 38, 49",10,"$15,000,000"
05/14/2002,"23, 30, 36, 44, 47",28,"$19,000,000"
05/17/2002,"15, 18, 25, 33, 47",30,"1 Winner
											$28,000,000"
05/21/2002,"4, 28, 39, 41, 44",9,"$10,000,000"
05/24/2002,"2, 4, 32, 44, 52",36,"1 Winner
											$12,000,000"
05/28/2002,"6, 21, 22, 29, 32",24,"$10,000,000"
05/31/2002,"12, 28, 45, 46, 52",47,"$12,000,000"
06/04/2002,"3, 25, 29, 30, 48",48,"$15,000,000"
06/07/2002,"14, 22, 27, 28, 42",13,"$21,000,000"
06/11/2002,"5, 6, 9, 33, 44",52,"$27,000,000"
06/14/2002,"4, 8, 32, 37, 43",2,"$35,000,000"
06/18/2002,"6, 13, 18, 27, 45",18,"$40,000,000"
06/21/2002,"13, 18, 32, 39, 49",6,"$50,000,000"
06/25/2002,"4, 18, 21, 27, 41",50,"$60,000,000"
06/28/2002,"18, 31, 49, 50, 51",4,"$72,000,000"
07/02/2002,"14, 22, 32, 35, 44",6,"$83,000,000"
07/05/2002,"11, 20, 26, 29, 41",41,"$96,000,000"
07/09/2002,"26, 29, 31, 44, 48",40,"$115,000,000"
07/12/2002,"13, 19, 23, 38, 47",15,"$138,000,000"
07/16/2002,"10, 24, 35, 49, 52",47,"1 Winner
											$165,000,000"
07/19/2002,"7, 15, 24, 37, 46",9,"$10,000,000"
07/23/2002,"10, 12, 29, 32, 38",7,"$12,000,000"
07/26/2002,"20, 27, 28, 37, 49",32,"$18,000,000"
07/30/2002,"2, 6, 22, 27, 44",1,"$25,000,000"
08/02/2002,"10, 16, 23, 28, 31",7,"$33,000,000"
08/06/2002,"2, 6, 38, 40, 50",14,"$40,000,000"
08/09/2002,"7, 17, 23, 43, 44",26,"$50,000,000"
08/13/2002,"3, 10, 15, 18, 25",52,"$58,000,000"
08/16/2002,"22, 31, 33, 44, 52",43,"$68,000,000"
08/20/2002,"2, 13, 20, 23, 43",6,"$78,000,000"
08/23/2002,"5, 19, 20, 45, 48",44,"$90,000,000"
08/27/2002,"2, 5, 11, 18, 45",22,"1 Winner
											$108,000,000"
08/30/2002,"6, 31, 32, 42, 51",42,"$10,000,000"
09/03/2002,"8, 23, 36, 49, 51",10,"$12,000,000"
09/06/2002,"31, 39, 42, 49, 51",35,"1 Winner
											$17,000,000"
09/10/2002,"4, 6, 10, 21, 25",21,"$10,000,000"
09/13/2002,"24, 32, 37, 40, 51",12,"$12,000,000"
09/17/2002,"7, 10, 19, 26, 44",5,"$17,000,000"
09/20/2002,"1, 2, 4, 5, 46",8,"$23,000,000"
09/24/2002,"8, 32, 34, 42, 50",21,"$30,000,000"
09/27/2002,"23, 27, 30, 33, 36",5,"1 Winner
											$37,000,000"
10/01/2002,"7, 21, 30, 32, 37",15,"$10,000,000"
10/04/2002,"10, 42, 43, 45, 51",1,"$12,000,000"
10/08/2002,"18, 34, 43, 47, 50",25,"$16,000,000"
10/11/2002,"9, 11, 17, 26, 41",29,"$21,000,000"
10/15/2002,"6, 20, 27, 34, 51",22,"$27,000,000"
10/18/2002,"10, 31, 40, 48, 51",38,"$34,000,000"
10/22/2002,"16, 20, 26, 36, 48",32,"$42,000,000"
10/25/2002,"8, 15, 34, 39, 47",4,"$50,000,000"
10/29/2002,"9, 10, 14, 41, 49",35,"$59,000,000"
11/01/2002,"5, 10, 22, 23, 43",37,"$69,000,000"
11/05/2002,"2, 7, 16, 28, 36",47,"$79,000,000"
11/08/2002,"17, 19, 37, 47, 48",14,"1 Winner
											$93,000,000"
11/12/2002,"3, 28, 45, 48, 50",24,"$10,000,000"
11/15/2002,"6, 17, 44, 49, 51",39,"$12,000,000"
11/19/2002,"7, 16, 20, 40, 52",8,"1 Winner
											$16,000,000"
11/22/2002,"11, 16, 19, 22, 46",5,"$10,000,000"
11/26/2002,"3, 21, 27, 31, 43",34,"$12,000,000"
11/29/2002,"8, 25, 33, 42, 49",40,"$15,000,000"
12/03/2002,"1, 15, 19, 40, 51",26,"$20,000,000"
12/06/2002,"4, 8, 30, 36, 52",48,"$26,000,000"
12/10/2002,"3, 5, 9, 16, 31",28,"$32,000,000"
12/13/2002,"2, 13, 14, 24, 46",34,"$39,000,000"
12/17/2002,"3, 7, 21, 29, 49",46,"$46,000,000"
12/20/2002,"10, 14, 41, 46, 49",52,"$55,000,000"
12/24/2002,"8, 24, 39, 43, 52",43,"1 Winner
											$68,000,000"
12/27/2002,"11, 14, 26, 30, 39",3,"$10,000,000"
12/31/2002,"8, 21, 29, 42, 51",34,"$12,000,000"
01/03/2003,"6, 14, 28, 37, 46",3,"$15,000,000"
01/07/2003,"15, 16, 28, 34, 51",33,"$22,000,000"
01/10/2003,"7, 17, 18, 34, 50",18,"$28,000,000"
01/14/2003,"30, 39, 41, 47, 52",27,"$35,000,000"
01/17/2003,"25, 26, 38, 42, 46",27,"$42,000,000"
01/21/2003,"4, 41, 48, 50, 51",23,"$50,000,000"
01/24/2003,"16, 31, 37, 40, 41",5,"$58,000,000"
01/28/2003,"13, 24, 26, 32, 47",34,"$66,000,000"
01/31/2003,"1, 8, 9, 19, 22",21,"$77,000,000"
02/04/2003,"5, 12, 16, 22, 24",48,"$90,000,000"
02/07/2003,"3, 9, 20, 26, 27",50,"$105,000,000"
02/11/2003,"18, 20, 23, 48, 49",10,"1 Winner
											$128,000,000"
02/14/2003,"11, 13, 19, 32, 47",21,"$10,000,000"
02/18/2003,"12, 22, 29, 42, 50",11,"1 Winner
											$12,000,000"
02/21/2003,"21, 28, 29, 40, 51",20,"$10,000,000"
02/25/2003,"2, 4, 6, 37, 47",38,"$12,000,000"
02/28/2003,"11, 16, 26, 48, 49",13,"$16,000,000"
03/04/2003,"2, 26, 36, 37, 41",22,"$21,000,000"
03/07/2003,"7, 10, 32, 36, 41",33,"$28,000,000"
03/11/2003,"10, 15, 26, 28, 39",10,"$35,000,000"
03/14/2003,"3, 6, 14, 31, 33",8,"1 Winner
											$43,000,000"
03/18/2003,"13, 14, 16, 29, 49",29,"$10,000,000"
03/21/2003,"6, 17, 18, 40, 50",8,"$12,000,000"
03/25/2003,"15, 21, 37, 40, 42",7,"$15,000,000"
03/28/2003,"8, 12, 21, 27, 29",15,"1 Winner
											$20,000,000"
04/01/2003,"7, 12, 26, 45, 47",36,"$10,000,000"
04/04/2003,"6, 22, 28, 31, 40",18,"$12,000,000"
04/08/2003,"8, 10, 24, 38, 45",6,"$15,000,000"
04/11/2003,"15, 26, 27, 38, 39",46,"$20,000,000"
04/15/2003,"16, 29, 31, 39, 52",21,"$26,000,000"
04/18/2003,"5, 15, 24, 50, 52",3,"$32,000,000"
04/22/2003,"3, 9, 15, 28, 52",7,"$39,000,000"
04/25/2003,"1, 12, 32, 48, 51",29,"1 Winner
											$46,000,000"
04/29/2003,"6, 8, 9, 33, 35",32,"$10,000,000"
05/02/2003,"2, 5, 19, 32, 34",52,"$12,000,000"
05/06/2003,"5, 14, 32, 44, 52",24,"$15,000,000"
05/09/2003,"1, 10, 20, 22, 28",39,"$20,000,000"
05/13/2003,"17, 20, 47, 49, 50",34,"$25,000,000"
05/16/2003,"5, 10, 16, 26, 39",52,"$31,000,000"
05/20/2003,"2, 16, 36, 44, 49",3,"$36,000,000"
05/23/2003,"12, 20, 31, 33, 50",17,"$44,000,000"
05/27/2003,"10, 11, 17, 20, 26",3,"$50,000,000"
05/30/2003,"1, 21, 28, 33, 51",3,"$58,000,000"
06/03/2003,"4, 20, 25, 29, 32",20,"$68,000,000"
06/06/2003,"10, 14, 28, 39, 40",35,"$80,000,000"
06/10/2003,"14, 15, 23, 32, 52",37,"$95,000,000"
06/13/2003,"12, 15, 16, 20, 51",33,"$115,000,000"
06/17/2003,"27, 31, 34, 40, 52",1,"$140,000,000"
06/20/2003,"1, 2, 3, 12, 37",35,"1 Winner
											$183,000,000"
06/24/2003,"2, 26, 43, 44, 47",31,"$10,000,000"
06/27/2003,"1, 14, 20, 31, 40",43,"$12,000,000"
07/01/2003,"28, 32, 39, 45, 48",31,"$16,000,000"
07/04/2003,"6, 7, 22, 37, 46",8,"$20,000,000"
07/08/2003,"2, 9, 27, 29, 35",18,"$26,000,000"
07/11/2003,"1, 4, 10, 16, 18",10,"1 Winner
											$34,000,000"
07/15/2003,"1, 26, 33, 43, 48",22,"$10,000,000"
07/18/2003,"29, 30, 34, 38, 44",39,"$12,000,000"
07/22/2003,"1, 5, 31, 38, 47",3,"$16,000,000"
07/25/2003,"33, 46, 47, 50, 51",30,"$21,000,000"
07/29/2003,"1, 17, 19, 32, 42",33,"$27,000,000"
08/01/2003,"2, 11, 27, 30, 33",46,"$34,000,000"
08/05/2003,"7, 32, 34, 38, 44",49,"$42,000,000"
08/08/2003,"6, 9, 35, 40, 43",42,"1 Winner
											$50,000,000"
08/12/2003,"8, 11, 18, 35, 51",26,"$10,000,000"
08/15/2003,"1, 16, 20, 41, 52",13,"$12,000,000"
08/19/2003,"7, 11, 24, 28, 52",16,"$15,000,000"
08/22/2003,"4, 19, 31, 32, 51",31,"$21,000,000"
08/26/2003,"9, 28, 42, 44, 49",47,"$26,000,000"
08/29/2003,"8, 11, 17, 42, 52",10,"$33,000,000"
09/02/2003,"22, 26, 27, 32, 39",14,"$40,000,000"
09/05/2003,"7, 9, 28, 41, 42",19,"$47,000,000"
09/09/2003,"14, 15, 30, 39, 46",30,"$55,000,000"
09/12/2003,"16, 22, 23, 38, 46",45,"$65,000,000"
09/16/2003,"15, 20, 24, 30, 46",42,"$75,000,000"
09/19/2003,"13, 14, 24, 34, 47",13,"$87,000,000"
09/23/2003,"5, 16, 24, 49, 51",28,"$102,000,000"
09/26/2003,"5, 29, 32, 45, 52",29,"$126,000,000"
09/30/2003,"2, 26, 37, 40, 46",49,"1 Winner
											$150,000,000"
10/03/2003,"19, 21, 30, 31, 52",51,"$10,000,000"
10/07/2003,"1, 2, 22, 40, 41",43,"1 Winner
											$12,000,000"
10/10/2003,"4, 19, 36, 42, 48",13,"$10,000,000"
10/14/2003,"18, 19, 21, 33, 40",29,"$12,000,000"
10/17/2003,"14, 20, 31, 46, 48",18,"$16,000,000"
10/21/2003,"18, 34, 46, 51, 52",38,"$22,000,000"
10/24/2003,"8, 9, 16, 30, 31",15,"$28,000,000"
10/28/2003,"6, 9, 20, 40, 47",26,"$35,000,000"
10/31/2003,"6, 12, 13, 36, 46",3,"$42,000,000"
11/04/2003,"16, 24, 43, 44, 45",22,"$50,000,000"
11/07/2003,"6, 18, 23, 26, 30",31,"$60,000,000"
11/11/2003,"2, 5, 17, 21, 22",43,"3 Winners
											$69,900,000"
11/14/2003,"3, 13, 31, 41, 42",52,"$10,000,000"
11/18/2003,"4, 11, 25, 30, 52",36,"$12,000,000"
11/21/2003,"14, 26, 28, 36, 42",14,"$16,000,000"
11/25/2003,"22, 32, 37, 40, 41",52,"$21,000,000"
11/28/2003,"19, 26, 31, 44, 50",19,"$27,000,000"
12/02/2003,"10, 13, 24, 34, 49",4,"$33,000,000"
12/05/2003,"1, 12, 15, 18, 44",42,"$44,000,000"
12/09/2003,"4, 14, 15, 24, 48",41,"$54,000,000"
12/12/2003,"9, 16, 32, 45, 46",26,"$61,000,000"
12/16/2003,"16, 24, 31, 46, 47",47,"$71,000,000"
12/19/2003,"5, 10, 17, 35, 39",38,"$85,000,000"
12/23/2003,"2, 13, 21, 22, 49",52,"$100,000,000"
12/26/2003,"1, 10, 17, 20, 29",36,"$125,000,000"
12/30/2003,"12, 18, 21, 32, 46",49,"1 Winner
											$162,000,000"
01/02/2004,"7, 8, 36, 44, 48",9,"$10,000,000"
01/06/2004,"7, 13, 15, 25, 32",9,"$12,000,000"
01/09/2004,"24, 32, 38, 47, 49",12,"$20,000,000"
01/13/2004,"3, 17, 18, 21, 45",21,"$26,000,000"
01/16/2004,"12, 26, 41, 44, 49",44,"$35,000,000"
01/20/2004,"5, 7, 14, 21, 45",36,"$42,000,000"
01/23/2004,"10, 18, 33, 46, 51",13,"$51,000,000"
01/27/2004,"6, 10, 20, 38, 50",27,"$60,000,000"
01/30/2004,"17, 28, 30, 40, 51",44,"$73,000,000"
02/03/2004,"9, 21, 26, 35, 41",17,"$85,000,000"
02/06/2004,"1, 6, 16, 30, 49",13,"$102,000,000"
02/10/2004,"3, 7, 10, 22, 32",23,"$121,000,000"
02/13/2004,"14, 30, 42, 43, 45",30,"$150,000,000"
02/17/2004,"2, 8, 34, 36, 52",21,"$177,000,000"
02/20/2004,"1, 13, 20, 21, 30",24,"1 Winner
											$239,000,000"
02/24/2004,"6, 11, 43, 49, 52",21,"$10,000,000"
02/27/2004,"2, 9, 24, 36, 52",44,"$12,000,000"
03/02/2004,"25, 30, 35, 40, 50",4,"1 Winner
											$21,000,000"
03/05/2004,"30, 40, 47, 49, 52",3,"$10,000,000"
03/09/2004,"16, 23, 29, 36, 51",49,"$13,000,000"
03/12/2004,"4, 29, 32, 35, 36",11,"$20,000,000"
03/16/2004,"3, 28, 45, 49, 51",52,"$27,000,000"
03/19/2004,"6, 9, 14, 32, 50",4,"$36,000,000"
03/23/2004,"12, 22, 35, 39, 46",32,"$43,000,000"
03/26/2004,"8, 10, 17, 37, 49",20,"$53,000,000"
03/30/2004,"3, 27, 31, 41, 45",33,"$63,000,000"
04/02/2004,"8, 17, 25, 46, 47",13,"$75,000,000"
04/06/2004,"8, 17, 29, 32, 39",49,"$90,000,000"
04/09/2004,"2, 8, 10, 11, 23",40,"1 Winner
											$109,000,000"
04/13/2004,"13, 36, 39, 50, 51",34,"$10,000,000"
04/16/2004,"6, 24, 29, 42, 51",41,"$13,000,000"
04/20/2004,"12, 22, 37, 46, 48",49,"$20,000,000"
04/23/2004,"8, 22, 25, 47, 48",27,"$28,000,000"
04/27/2004,"1, 10, 17, 23, 35",45,"$36,000,000"
04/30/2004,"15, 21, 32, 39, 50",34,"$45,000,000"
05/04/2004,"3, 15, 29, 37, 39",40,"$55,000,000"
05/07/2004,"14, 17, 19, 44, 50",17,"1 Winner
											$67,000,000"
05/11/2004,"9, 25, 30, 34, 37",30,"$10,000,000"
05/14/2004,"10, 19, 32, 36, 46",6,"$13,000,000"
05/18/2004,"2, 36, 44, 46, 51",45,"$19,000,000"
05/21/2004,"4, 20, 27, 38, 49",31,"$26,000,000"
05/25/2004,"5, 18, 34, 36, 39",43,"$33,000,000"
05/28/2004,"13, 27, 36, 39, 51",33,"$42,000,000"
06/01/2004,"7, 16, 17, 26, 48",15,"$50,000,000"
06/04/2004,"4, 16, 18, 41, 47",46,"$60,000,000"
06/08/2004,"17, 24, 29, 37, 45",43,"$71,000,000"
06/11/2004,"12, 28, 36, 39, 52",36,"$85,000,000"
06/15/2004,"18, 23, 27, 29, 44",24,"$100,000,000"
06/18/2004,"7, 10, 11, 15, 51",23,"$121,000,000"
06/22/2004,"9, 10, 17, 41, 52",19,"$150,000,000"
06/25/2004,"18, 19, 29, 32, 42",32,"$177,000,000"
06/29/2004,"10, 13, 19, 28, 38",1,"$220,000,000"
07/02/2004,"10, 25, 38, 39, 50",12,"1 Winner
											$294,000,000"
07/06/2004,"6, 7, 8, 31, 48",19,"$10,000,000"
07/09/2004,"11, 23, 25, 29, 45",16,"$13,000,000"
07/13/2004,"13, 31, 37, 39, 52",38,"$20,000,000"
07/16/2004,"3, 21, 22, 35, 44",7,"$29,000,000"
07/20/2004,"6, 15, 21, 32, 44",13,"$37,000,000"
07/23/2004,"5, 12, 25, 35, 37",12,"1 Winner
											$47,000,000"
07/27/2004,"8, 10, 11, 13, 24",46,"1 Winner
											$10,000,000"
07/30/2004,"16, 19, 21, 34, 35",22,"$10,000,000"
08/03/2004,"1, 2, 13, 16, 22",31,"$13,000,000"
08/06/2004,"4, 23, 33, 38, 49",7,"$20,000,000"
08/10/2004,"18, 25, 29, 31, 44",33,"$27,000,000"
08/13/2004,"14, 31, 41, 45, 48",20,"$35,000,000"
08/17/2004,"22, 23, 26, 28, 36",10,"$42,000,000"
08/20/2004,"12, 17, 34, 37, 39",34,"1 Winner
											$52,000,000"
08/24/2004,"2, 5, 21, 47, 50",46,"$10,000,000"
08/27/2004,"5, 25, 38, 46, 47",14,"$12,000,000"
08/31/2004,"14, 15, 25, 42, 44",3,"$18,000,000"
09/03/2004,"4, 14, 34, 38, 44",10,"$24,000,000"
09/07/2004,"13, 30, 36, 38, 51",35,"$31,000,000"
09/10/2004,"11, 17, 27, 45, 52",5,"$39,000,000"
09/14/2004,"12, 35, 37, 38, 50",49,"$46,000,000"
09/17/2004,"3, 16, 25, 38, 49",4,"$55,000,000"
09/21/2004,"1, 3, 15, 19, 29",39,"$64,000,000"
09/24/2004,"11, 26, 30, 49, 50",52,"$75,000,000"
09/28/2004,"1, 18, 39, 42, 50",35,"$86,000,000"
10/01/2004,"8, 10, 17, 24, 39",52,"1 Winner
											$106,000,000"
10/05/2004,"8, 34, 39, 48, 49",47,"$10,000,000"
10/08/2004,"16, 17, 21, 33, 41",6,"$12,000,000"
10/12/2004,"4, 18, 19, 39, 51",13,"$18,000,000"
10/15/2004,"4, 8, 24, 30, 36",25,"$25,000,000"
10/19/2004,"6, 13, 19, 34, 50",33,"$32,000,000"
10/22/2004,"3, 7, 20, 24, 43",36,"$40,000,000"
10/26/2004,"14, 25, 39, 43, 49",27,"$48,000,000"
10/29/2004,"10, 18, 26, 31, 41",48,"$57,000,000"
11/02/2004,"24, 32, 42, 49, 50",3,"$66,000,000"
11/05/2004,"3, 29, 30, 41, 43",1,"$77,000,000"
11/09/2004,"11, 20, 26, 28, 52",7,"$90,000,000"
11/12/2004,"5, 31, 33, 35, 51",1,"$106,000,000"
11/16/2004,"9, 10, 27, 28, 30",18,"$126,000,000"
11/19/2004,"1, 12, 24, 36, 51",38,"1 Winner
											$149,000,000"
11/23/2004,"8, 30, 32, 35, 51",17,"$10,000,000"
11/26/2004,"7, 9, 18, 37, 43",34,"$12,000,000"
11/30/2004,"10, 20, 22, 28, 52",4,"$17,000,000"
12/03/2004,"12, 32, 37, 41, 52",13,"1 Winner
											$25,000,000"
12/07/2004,"1, 19, 22, 32, 49",29,"$10,000,000"
12/10/2004,"22, 23, 37, 42, 47",15,"$12,000,000"
12/14/2004,"14, 27, 32, 34, 40",2,"$17,000,000"
12/17/2004,"16, 34, 38, 42, 47",1,"$25,000,000"
12/21/2004,"7, 22, 27, 31, 38",12,"$31,000,000"
12/24/2004,"9, 20, 22, 41, 42",10,"$40,000,000"
12/28/2004,"18, 29, 32, 38, 43",50,"$48,000,000"
12/31/2004,"10, 14, 45, 47, 51",20,"$58,000,000"
01/04/2005,"3, 6, 7, 12, 32",30,"$67,000,000"
01/07/2005,"2, 8, 14, 15, 51",38,"$80,000,000"
01/11/2005,"2, 23, 24, 35, 45",18,"$92,000,000"
01/14/2005,"15, 19, 24, 40, 47",50,"$111,000,000"
01/18/2005,"10, 23, 28, 39, 51",5,"1 Winner
											$131,000,000"
01/21/2005,"17, 27, 39, 40, 41",21,"$10,000,000"
01/25/2005,"2, 10, 21, 25, 45",22,"$12,000,000"
01/28/2005,"25, 31, 39, 47, 52",43,"$18,000,000"
02/01/2005,"3, 17, 21, 42, 44",35,"$25,000,000"
02/04/2005,"3, 12, 14, 30, 52",34,"$32,000,000"
02/08/2005,"8, 11, 14, 23, 25",21,"$40,000,000"
02/11/2005,"6, 14, 21, 24, 50",28,"$50,000,000"
02/15/2005,"3, 16, 20, 21, 38",10,"$59,000,000"
02/18/2005,"1, 19, 31, 35, 42",34,"$70,000,000"
02/22/2005,"15, 18, 28, 41, 45",27,"$82,000,000"
02/25/2005,"4, 13, 37, 38, 50",24,"$96,000,000"
03/01/2005,"1, 8, 18, 39, 48",1,"1 Winner
											$115,000,000"
03/04/2005,"7, 10, 13, 35, 39",21,"$10,000,000"
03/08/2005,"8, 14, 15, 22, 31",13,"$13,000,000"
03/11/2005,"18, 19, 31, 35, 36",17,"$20,000,000"
03/15/2005,"14, 26, 27, 34, 44",27,"$27,000,000"
03/18/2005,"2, 9, 28, 29, 48",33,"$36,000,000"
03/22/2005,"6, 11, 27, 37, 43",34,"$44,000,000"
03/25/2005,"11, 18, 19, 45, 49",2,"$53,000,000"
03/29/2005,"7, 17, 18, 30, 42",38,"$63,000,000"
04/01/2005,"11, 19, 28, 32, 45",10,"$75,000,000"
04/05/2005,"4, 19, 45, 51, 52",22,"$86,000,000"
04/08/2005,"5, 13, 17, 33, 35",35,"$102,000,000"
04/12/2005,"15, 20, 43, 47, 50",24,"$120,000,000"
04/15/2005,"25, 26, 37, 39, 49",29,"$144,000,000"
04/19/2005,"5, 6, 14, 42, 47",3,"$168,000,000"
04/22/2005,"23, 25, 43, 46, 49",26,"1 Winner
											$208,000,000"
04/26/2005,"18, 22, 33, 34, 42",16,"$10,000,000"
04/29/2005,"2, 5, 7, 28, 46",21,"$12,000,000"
05/03/2005,"7, 17, 42, 46, 52",47,"$18,000,000"
05/06/2005,"7, 12, 25, 50, 51",19,"$26,000,000"
05/10/2005,"11, 25, 38, 40, 42",40,"$34,000,000"
05/13/2005,"21, 23, 27, 33, 39",8,"$42,000,000"
05/17/2005,"7, 9, 10, 29, 44",17,"$50,000,000"
05/20/2005,"3, 6, 27, 40, 44",9,"$60,000,000"
05/24/2005,"9, 28, 39, 40, 45",24,"$70,000,000"
05/27/2005,"7, 17, 22, 34, 50",24,"$80,000,000"
05/31/2005,"5, 13, 22, 37, 38",11,"$92,000,000"
06/03/2005,"4, 6, 14, 28, 47",42,"1 Winner
											$106,000,000"
06/07/2005,"7, 14, 28, 46, 47",25,"$10,000,000"
06/10/2005,"14, 29, 31, 37, 50",34,"$12,000,000"
06/14/2005,"1, 10, 29, 48, 49",36,"$18,000,000"
06/17/2005,"16, 35, 40, 49, 50",34,"$25,000,000"
06/21/2005,"9, 13, 40, 46, 50",30,"$31,000,000"
06/24/2005,"14, 43, 44, 50, 56",7,"$42,000,000"
06/28/2005,"2, 20, 37, 43, 46",4,"$52,000,000"
07/01/2005,"14, 25, 41, 42, 50",40,"$63,000,000"
07/05/2005,"22, 38, 48, 50, 55",29,"$73,000,000"
07/08/2005,"9, 23, 45, 48, 50",3,"$88,000,000"
07/12/2005,"5, 17, 32, 39, 53",36,"$100,000,000"
07/15/2005,"9, 13, 25, 36, 48",2,"$122,000,000"
07/19/2005,"7, 13, 48, 51, 54",11,"$145,000,000"
07/22/2005,"7, 18, 27, 35, 54",34,"1 Winner
											$170,000,000"
07/26/2005,"1, 10, 18, 29, 55",8,"$12,000,000"
07/29/2005,"4, 16, 23, 25, 40",22,"$15,000,000"
08/02/2005,"17, 22, 39, 50, 52",46,"$23,000,000"
08/05/2005,"3, 5, 48, 50, 53",4,"$32,000,000"
08/09/2005,"13, 35, 36, 43, 52",5,"$41,000,000"
08/12/2005,"8, 37, 38, 45, 54",21,"$51,000,000"
08/16/2005,"9, 15, 20, 24, 55",3,"$61,000,000"
08/19/2005,"2, 13, 18, 36, 46",36,"$72,000,000"
08/23/2005,"6, 7, 8, 13, 40",12,"$84,000,000"
08/26/2005,"5, 20, 38, 47, 54",35,"$97,000,000"
08/30/2005,"19, 32, 42, 49, 56",29,"$111,000,000"
09/02/2005,"1, 4, 14, 45, 53",33,"$131,000,000"
09/06/2005,"1, 8, 27, 31, 50",40,"$150,000,000"
09/09/2005,"15, 28, 43, 51, 52",11,"$172,000,000"
09/13/2005,"13, 24, 44, 48, 52",30,"$200,000,000"
09/16/2005,"5, 16, 41, 46, 50",1,"1 Winner
											$258,000,000"
09/20/2005,"35, 36, 40, 42, 52",45,"$12,000,000"
09/23/2005,"6, 7, 20, 41, 51",38,"$15,000,000"
09/27/2005,"14, 17, 26, 27, 28",5,"$23,000,000"
09/30/2005,"1, 3, 14, 30, 52",10,"$32,000,000"
10/04/2005,"12, 24, 28, 29, 36",41,"$42,000,000"
10/07/2005,"2, 4, 23, 27, 36",37,"$53,000,000"
10/11/2005,"24, 30, 42, 53, 54",20,"$65,000,000"
10/14/2005,"6, 20, 24, 25, 34",44,"$77,000,000"
10/18/2005,"3, 12, 16, 32, 33",15,"$90,000,000"
10/21/2005,"11, 17, 28, 29, 36",42,"$108,000,000"
10/25/2005,"7, 12, 18, 31, 55",30,"$128,000,000"
10/28/2005,"8, 17, 25, 28, 53",1,"$147,000,000"
11/01/2005,"5, 18, 21, 28, 36",20,"$165,000,000"
11/04/2005,"7, 9, 41, 53, 54",38,"$192,000,000"
11/08/2005,"8, 16, 21, 25, 27",16,"$225,000,000"
11/11/2005,"9, 14, 34, 50, 51",40,"$262,000,000"
11/15/2005,"2, 4, 5, 40, 48",7,"1 Winner
											$315,000,000"
11/18/2005,"8, 18, 21, 42, 46",11,"$12,000,000"
11/22/2005,"9, 22, 37, 41, 43",30,"$16,000,000"
11/25/2005,"5, 25, 31, 33, 34",41,"$25,000,000"
11/29/2005,"7, 8, 47, 51, 52",5,"2 Winners
											$35,000,000"
12/02/2005,"3, 12, 21, 38, 44",45,"$12,000,000"
12/06/2005,"6, 10, 26, 30, 33",16,"$16,000,000"
12/09/2005,"14, 15, 31, 32, 43",20,"$25,000,000"
12/13/2005,"9, 10, 12, 22, 41",4,"$33,000,000"
12/16/2005,"14, 25, 26, 31, 56",17,"$43,000,000"
12/20/2005,"6, 20, 23, 40, 56",36,"$53,000,000"
12/23/2005,"10, 37, 39, 49, 54",8,"$64,000,000"
12/27/2005,"11, 24, 27, 49, 55",23,"$75,000,000"
12/30/2005,"14, 20, 25, 40, 44",37,"1 Winner
											$88,000,000"
01/03/2006,"15, 19, 20, 32, 38",21,"$12,000,000"
01/06/2006,"8, 11, 28, 37, 53",12,"1 Winner
											$15,000,000"
01/10/2006,"7, 27, 32, 37, 38",30,"$12,000,000"
01/13/2006,"5, 21, 27, 44, 53",36,"$15,000,000"
01/17/2006,"24, 32, 37, 39, 40",44,"$23,000,000"
01/20/2006,"18, 22, 28, 44, 53",46,"$31,000,000"
01/24/2006,"31, 34, 36, 51, 55",4,"$40,000,000"
01/27/2006,"2, 7, 8, 18, 29",46,"$50,000,000"
01/31/2006,"1, 35, 53, 54, 56",44,"$61,000,000"
02/03/2006,"29, 31, 32, 41, 52",42,"$75,000,000"
02/07/2006,"2, 16, 25, 30, 48",26,"$88,000,000"
02/10/2006,"24, 39, 40, 43, 46",2,"$102,000,000"
02/14/2006,"27, 36, 43, 49, 54",33,"$120,000,000"
02/17/2006,"16, 25, 31, 43, 46",28,"$145,000,000"
02/21/2006,"14, 23, 27, 36, 45",36,"$175,000,000"
02/24/2006,"3, 5, 12, 16, 34",27,"$212,000,000"
02/28/2006,"2, 4, 35, 36, 48",22,"1 Winner
											$270,000,000"
03/03/2006,"25, 29, 38, 39, 46",4,"$12,000,000"
03/07/2006,"15, 27, 36, 38, 42",32,"$18,000,000"
03/10/2006,"4, 17, 18, 51, 54",31,"$31,000,000"
03/14/2006,"27, 28, 30, 42, 50",22,"$42,000,000"
03/17/2006,"8, 11, 23, 48, 52",5,"$56,000,000"
03/21/2006,"4, 16, 17, 28, 31",8,"$68,000,000"
03/24/2006,"1, 2, 17, 47, 49",19,"$82,000,000"
03/28/2006,"14, 18, 35, 39, 49",14,"$96,000,000"
03/31/2006,"4, 7, 19, 50, 52",15,"$117,000,000"
04/04/2006,"9, 25, 48, 51, 56",7,"$138,000,000"
04/07/2006,"1, 18, 31, 46, 52",37,"$162,000,000"
04/11/2006,"2, 12, 45, 46, 56",20,"$189,000,000"
04/14/2006,"8, 10, 18, 29, 33",10,"$220,000,000"
04/18/2006,"13, 14, 25, 34, 50",6,"1 Winner
											$265,000,000"
04/21/2006,"2, 4, 7, 27, 41",4,"$12,000,000"
04/25/2006,"1, 20, 32, 37, 39",9,"$20,000,000"
04/28/2006,"16, 29, 32, 36, 55",12,"$30,000,000"
05/02/2006,"7, 11, 22, 27, 31",33,"$41,000,000"
05/05/2006,"8, 20, 39, 53, 55",10,"$54,000,000"
05/09/2006,"7, 15, 24, 43, 44",22,"$66,000,000"
05/12/2006,"6, 36, 39, 45, 52",45,"$80,000,000"
05/16/2006,"7, 24, 40, 48, 50",15,"1 Winner
											$94,000,000"
05/19/2006,"5, 12, 31, 51, 56",1,"$12,000,000"
05/23/2006,"17, 21, 28, 48, 54",1,"$18,000,000"
05/26/2006,"12, 14, 20, 47, 48",24,"$27,000,000"
05/30/2006,"2, 13, 28, 34, 45",36,"$36,000,000"
06/02/2006,"3, 10, 18, 36, 38",41,"1 Winner
											$47,000,000"
06/06/2006,"5, 29, 35, 52, 53",9,"$12,000,000"
06/09/2006,"8, 17, 18, 26, 47",37,"$17,000,000"
06/13/2006,"1, 20, 23, 24, 33",29,"$25,000,000"
06/16/2006,"27, 30, 36, 38, 45",13,"1 Winner
											$35,000,000"
06/20/2006,"11, 21, 37, 53, 54",12,"$12,000,000"
06/23/2006,"13, 17, 24, 34, 56",24,"$16,000,000"
06/27/2006,"2, 14, 20, 29, 44",32,"1 Winner
											$24,000,000"
06/30/2006,"20, 40, 46, 48, 54",27,"$12,000,000"
07/04/2006,"9, 15, 31, 42, 45",41,"$14,000,000"
07/07/2006,"7, 15, 27, 46, 56",39,"$22,000,000"
07/11/2006,"5, 14, 34, 36, 52",42,"$29,000,000"
07/14/2006,"13, 25, 26, 28, 56",39,"$40,000,000"
07/18/2006,"12, 13, 29, 49, 52",20,"1 Winner
											$49,000,000"
07/21/2006,"18, 26, 35, 36, 43",24,"$12,000,000"
07/25/2006,"7, 21, 24, 41, 51",10,"$15,000,000"
07/28/2006,"2, 13, 23, 32, 35",4,"$23,000,000"
08/01/2006,"14, 29, 32, 43, 49",14,"1 Winner
											$31,000,000"
08/04/2006,"2, 24, 31, 50, 55",44,"$12,000,000"
08/08/2006,"1, 5, 13, 18, 33",30,"$15,000,000"
08/11/2006,"14, 16, 38, 40, 49",29,"$23,000,000"
08/15/2006,"10, 12, 22, 44, 48",16,"$31,000,000"
08/18/2006,"5, 12, 13, 46, 50",10,"$40,000,000"
08/22/2006,"3, 4, 5, 7, 36",16,"$49,000,000"
08/25/2006,"17, 24, 35, 46, 54",33,"$60,000,000"
08/29/2006,"15, 25, 37, 38, 52",4,"$70,000,000"
09/01/2006,"5, 6, 51, 53, 55",12,"$83,000,000"
09/05/2006,"1, 32, 36, 42, 53",4,"$95,000,000"
09/08/2006,"9, 17, 34, 52, 53",2,"$114,000,000"
09/12/2006,"3, 16, 25, 30, 44",42,"$135,000,000"
09/15/2006,"6, 26, 33, 39, 55",1,"1 Winner
											$163,000,000"
09/19/2006,"2, 19, 44, 45, 56",43,"1 Winner
											$12,000,000"
09/22/2006,"7, 12, 17, 22, 43",16,"$12,000,000"
09/26/2006,"3, 6, 38, 42, 45",30,"1 Winner
											$15,000,000"
09/29/2006,"3, 25, 43, 45, 55",40,"$12,000,000"
10/03/2006,"6, 19, 32, 33, 40",39,"$15,000,000"
10/06/2006,"1, 11, 20, 21, 46",18,"$25,000,000"
10/10/2006,"14, 30, 35, 40, 43",2,"$34,000,000"
10/13/2006,"24, 27, 42, 47, 50",8,"$45,000,000"
10/17/2006,"6, 18, 20, 28, 38",37,"1 Winner
											$55,000,000"
10/20/2006,"9, 13, 23, 29, 54",34,"$12,000,000"
10/24/2006,"5, 25, 41, 48, 51",35,"$16,000,000"
10/27/2006,"15, 22, 26, 30, 32",31,"$24,000,000"
10/31/2006,"5, 34, 40, 45, 46",21,"$32,000,000"
11/03/2006,"8, 10, 22, 25, 55",22,"$42,000,000"
11/07/2006,"13, 22, 33, 51, 52",42,"$52,000,000"
11/10/2006,"11, 42, 52, 53, 55",28,"$63,000,000"
11/14/2006,"9, 20, 24, 25, 36",23,"1 Winner
											$75,000,000"
11/17/2006,"5, 19, 25, 30, 50",42,"$12,000,000"
11/21/2006,"7, 13, 20, 42, 47",9,"$16,000,000"
11/24/2006,"14, 35, 40, 47, 48",35,"$23,000,000"
11/28/2006,"7, 14, 24, 41, 56",7,"$31,000,000"
12/01/2006,"16, 22, 23, 37, 53",35,"1 Winner
											$40,000,000"
12/05/2006,"6, 9, 13, 43, 46",45,"$12,000,000"
12/08/2006,"1, 15, 29, 32, 45",8,"$15,000,000"
12/12/2006,"20, 30, 31, 35, 49",23,"$22,000,000"
12/15/2006,"6, 7, 17, 28, 40",39,"$30,000,000"
12/19/2006,"9, 32, 37, 42, 48",7,"$40,000,000"
12/22/2006,"5, 12, 15, 25, 34",43,"$50,000,000"
12/26/2006,"7, 12, 25, 44, 53",3,"$60,000,000"
12/29/2006,"3, 4, 10, 39, 50",29,"$72,000,000"
01/02/2007,"9, 10, 38, 51, 53",1,"$84,000,000"
01/05/2007,"2, 12, 44, 46, 51",6,"$102,000,000"
01/09/2007,"7, 11, 26, 38, 54",13,"1 Winner
											$125,000,000"
01/12/2007,"12, 14, 26, 40, 42",22,"$12,000,000"
01/16/2007,"4, 8, 15, 33, 52",10,"$16,000,000"
01/19/2007,"4, 28, 30, 31, 35",17,"$25,000,000"
01/23/2007,"3, 5, 15, 26, 53",35,"$33,000,000"
01/26/2007,"16, 17, 36, 49, 54",14,"$43,000,000"
01/30/2007,"14, 18, 44, 52, 56",25,"$54,000,000"
02/02/2007,"22, 33, 35, 40, 53",15,"$65,000,000"
02/06/2007,"16, 21, 35, 36, 46",38,"$77,000,000"
02/09/2007,"32, 39, 46, 48, 49",41,"$91,000,000"
02/13/2007,"3, 9, 24, 29, 41",41,"$106,000,000"
02/16/2007,"17, 35, 40, 46, 48",41,"$130,000,000"
02/20/2007,"1, 9, 26, 46, 51",11,"$150,000,000"
02/23/2007,"3, 18, 21, 38, 50",43,"$177,000,000"
02/27/2007,"18, 31, 44, 45, 48",18,"$216,000,000"
03/02/2007,"14, 21, 33, 35, 51",43,"$275,000,000"
03/06/2007,"16, 22, 29, 39, 42",20,"2 Winners
											$390,000,000"
03/09/2007,"10, 13, 25, 42, 43",30,"$12,000,000"
03/13/2007,"7, 11, 16, 38, 49",35,"$19,000,000"
03/16/2007,"17, 25, 36, 40, 43",9,"$28,000,000"
03/20/2007,"7, 21, 46, 49, 55",15,"$37,000,000"
03/23/2007,"18, 21, 35, 51, 53",36,"$48,000,000"
03/27/2007,"18, 25, 34, 35, 42",6,"$60,000,000"
03/30/2007,"15, 23, 37, 48, 53",22,"$74,000,000"
04/03/2007,"16, 26, 33, 34, 46",38,"$88,000,000"
04/06/2007,"24, 32, 34, 36, 39",6,"1 Winner
											$105,000,000"
04/10/2007,"7, 15, 16, 19, 28",10,"$12,000,000"
04/13/2007,"11, 14, 21, 25, 26",33,"$17,000,000"
04/17/2007,"1, 4, 11, 31, 47",37,"$27,000,000"
04/20/2007,"1, 9, 10, 23, 53",40,"$37,000,000"
04/24/2007,"8, 10, 35, 36, 43",14,"$47,000,000"
04/27/2007,"5, 7, 26, 38, 56",15,"$58,000,000"
05/01/2007,"11, 16, 31, 52, 53",42,"$69,000,000"
05/04/2007,"4, 9, 20, 45, 55",34,"$81,000,000"
05/08/2007,"16, 24, 41, 43, 54",36,"$96,000,000"
05/11/2007,"28, 30, 33, 48, 54",25,"1 Winner
											$113,000,000"
05/15/2007,"6, 13, 42, 46, 56",42,"$12,000,000"
05/18/2007,"13, 23, 24, 30, 44",5,"$17,000,000"
05/22/2007,"2, 7, 11, 22, 36",35,"$25,000,000"
05/25/2007,"10, 14, 22, 42, 43",1,"$34,000,000"
05/29/2007,"2, 24, 44, 51, 54",7,"2 Winners
											$44,000,000"
06/01/2007,"12, 19, 29, 32, 48",9,"$12,000,000"
06/05/2007,"27, 35, 38, 49, 56",15,"$16,000,000"
06/08/2007,"6, 26, 29, 31, 39",31,"$25,000,000"
06/12/2007,"3, 13, 19, 31, 50",21,"$34,000,000"
06/15/2007,"1, 5, 16, 26, 30",21,"$45,000,000"
06/19/2007,"5, 16, 31, 49, 54",19,"$55,000,000"
06/22/2007,"11, 14, 21, 24, 31",23,"$66,000,000"
06/26/2007,"4, 10, 20, 29, 45",21,"$78,000,000"
06/29/2007,"1, 17, 40, 51, 52",7,"$91,000,000"
07/03/2007,"21, 35, 37, 39, 40",35,"$106,000,000"
07/06/2007,"3, 9, 12, 25, 47",37,"1 Winner
											$128,000,000"
07/10/2007,"19, 24, 30, 34, 56",19,"$12,000,000"
07/13/2007,"7, 39, 41, 48, 53",21,"$17,000,000"
07/17/2007,"16, 30, 38, 46, 51",5,"$26,000,000"
07/20/2007,"6, 13, 30, 41, 52",26,"$35,000,000"
07/24/2007,"8, 17, 20, 23, 50",17,"$44,000,000"
07/27/2007,"7, 12, 35, 54, 55",2,"$55,000,000"
07/31/2007,"5, 18, 37, 39, 43",42,"$65,000,000"
08/03/2007,"16, 29, 42, 46, 51",40,"$77,000,000"
08/07/2007,"36, 41, 50, 55, 56",9,"$89,000,000"
08/10/2007,"10, 20, 32, 33, 54",39,"$105,000,000"
08/14/2007,"5, 8, 9, 24, 34",17,"$122,000,000"
08/17/2007,"2, 8, 33, 38, 53",12,"$148,000,000"
08/21/2007,"8, 38, 54, 55, 56",2,"$171,000,000"
08/24/2007,"4, 21, 46, 51, 53",5,"$201,000,000"
08/28/2007,"37, 40, 48, 53, 56",44,"$250,000,000"
08/31/2007,"8, 18, 22, 40, 44",11,"4 Winners
											$330,000,000"
09/04/2007,"3, 6, 11, 42, 46",38,"$12,000,000"
09/07/2007,"14, 19, 27, 34, 48",3,"$17,000,000"
09/11/2007,"9, 10, 17, 21, 35",6,"$26,000,000"
09/14/2007,"5, 9, 12, 33, 40",27,"$36,000,000"
09/18/2007,"20, 24, 31, 34, 49",8,"$47,000,000"
09/21/2007,"5, 21, 23, 33, 45",43,"1 Winner
											$61,000,000"
09/25/2007,"2, 19, 23, 47, 54",16,"1 Winner
											$12,000,000"
09/28/2007,"4, 13, 20, 25, 33",42,"$12,000,000"
10/02/2007,"28, 37, 40, 43, 44",20,"$16,000,000"
10/05/2007,"10, 19, 37, 40, 48",1,"1 Winner
											$27,000,000"
10/09/2007,"1, 10, 17, 32, 51",44,"$12,000,000"
10/12/2007,"21, 26, 34, 44, 54",23,"$16,000,000"
10/16/2007,"1, 2, 5, 41, 44",25,"$24,000,000"
10/19/2007,"5, 15, 18, 23, 46",14,"$34,000,000"
10/23/2007,"2, 7, 45, 52, 53",18,"$43,000,000"
10/26/2007,"12, 20, 24, 38, 51",3,"$53,000,000"
10/30/2007,"2, 8, 44, 46, 51",22,"$63,000,000"
11/02/2007,"1, 3, 34, 49, 52",19,"1 Winner
											$75,000,000"
11/06/2007,"3, 17, 43, 46, 47",2,"$12,000,000"
11/09/2007,"11, 33, 41, 42, 46",21,"$16,000,000"
11/13/2007,"15, 26, 36, 39, 40",45,"$24,000,000"
11/16/2007,"12, 13, 30, 31, 39",29,"$32,000,000"
11/20/2007,"14, 20, 23, 42, 43",6,"$41,000,000"
11/23/2007,"18, 21, 33, 42, 56",11,"$50,000,000"
11/27/2007,"9, 10, 26, 29, 39",10,"$60,000,000"
11/30/2007,"5, 6, 12, 26, 51",7,"$70,000,000"
12/04/2007,"16, 27, 30, 45, 53",43,"$82,000,000"
12/07/2007,"12, 18, 26, 28, 51",35,"$96,000,000"
12/11/2007,"6, 25, 27, 30, 45",46,"$115,000,000"
12/14/2007,"4, 7, 12, 17, 30",44,"$137,000,000"
12/18/2007,"3, 23, 46, 48, 49",2,"2 Winners
											$163,000,000"
12/21/2007,"14, 19, 20, 43, 53",7,"$12,000,000"
12/25/2007,"19, 36, 37, 48, 52",8,"$16,000,000"
12/28/2007,"2, 19, 22, 28, 54",25,"$25,000,000"
01/01/2008,"13, 16, 25, 30, 54",11,"1 Winner
											$33,000,000"
01/04/2008,"24, 31, 39, 40, 56",32,"$12,000,000"
01/08/2008,"10, 29, 45, 52, 54",10,"$16,000,000"
01/11/2008,"22, 36, 42, 45, 55",42,"$24,000,000"
01/15/2008,"21, 30, 42, 44, 50",6,"$32,000,000"
01/18/2008,"12, 22, 33, 43, 44",15,"$42,000,000"
01/22/2008,"12, 15, 22, 25, 33",2,"$51,000,000"
01/25/2008,"5, 12, 22, 38, 56",22,"$61,000,000"
01/29/2008,"8, 23, 39, 40, 42",24,"$73,000,000"
02/01/2008,"3, 14, 30, 44, 56",5,"$87,000,000"
02/05/2008,"4, 5, 17, 40, 51",38,"$102,000,000"
02/08/2008,"21, 30, 43, 46, 50",18,"$125,000,000"
02/12/2008,"14, 27, 39, 47, 50",12,"$150,000,000"
02/15/2008,"7, 11, 26, 30, 53",14,"$179,000,000"
02/19/2008,"1, 38, 42, 55, 56",34,"$220,000,000"
02/22/2008,"7, 12, 13, 19, 22",10,"1 Winner
											$275,000,000"
02/26/2008,"9, 12, 30, 36, 55",15,"$12,000,000"
02/29/2008,"5, 17, 22, 26, 55",38,"$16,000,000"
03/04/2008,"7, 15, 30, 33, 56",22,"$26,000,000"
03/07/2008,"19, 32, 33, 41, 48",12,"$37,000,000"
03/11/2008,"4, 13, 35, 41, 47",44,"$47,000,000"
03/14/2008,"3, 12, 18, 25, 52",21,"$59,000,000"
03/18/2008,"13, 15, 20, 25, 44",37,"$69,000,000"
03/21/2008,"5, 8, 17, 19, 41",21,"$83,000,000"
03/25/2008,"38, 42, 43, 48, 53",12,"$95,000,000"
03/28/2008,"7, 26, 27, 40, 43",10,"$113,000,000"
04/01/2008,"4, 17, 26, 46, 56",25,"1 Winner
											$136,000,000"
04/04/2008,"3, 5, 40, 45, 49",17,"$12,000,000"
04/08/2008,"8, 9, 31, 37, 44",38,"$17,000,000"
04/11/2008,"14, 18, 27, 31, 42",7,"$27,000,000"
04/15/2008,"12, 13, 27, 48, 50",30,"$37,000,000"
04/18/2008,"24, 28, 36, 50, 53",29,"$48,000,000"
04/22/2008,"3, 22, 31, 48, 54",9,"$60,000,000"
04/25/2008,"19, 32, 37, 45, 52",41,"$71,000,000"
04/29/2008,"19, 24, 35, 44, 51",26,"$85,000,000"
05/02/2008,"8, 28, 37, 53, 55",26,"$100,000,000"
05/06/2008,"4, 21, 46, 53, 54",26,"$120,000,000"
05/09/2008,"16, 31, 43, 46, 56",22,"$145,000,000"
05/13/2008,"20, 24, 27, 31, 47",15,"$166,000,000"
05/16/2008,"6, 11, 39, 46, 47",26,"1 Winner
											$196,000,000"
05/20/2008,"2, 14, 26, 32, 41",32,"$12,000,000"
05/23/2008,"4, 8, 11, 22, 30",4,"2 Winners
											$17,000,000"
05/27/2008,"14, 24, 32, 45, 49",17,"$12,000,000"
05/30/2008,"39, 40, 47, 53, 55",32,"$16,000,000"
06/03/2008,"4, 19, 24, 32, 54",5,"$25,000,000"
06/06/2008,"8, 9, 43, 44, 54",27,"$36,000,000"
06/10/2008,"3, 5, 15, 43, 51",11,"$45,000,000"
06/13/2008,"8, 9, 14, 38, 44",36,"1 Winner
											$57,000,000"
06/17/2008,"5, 14, 25, 47, 49",36,"$12,000,000"
06/20/2008,"11, 17, 25, 36, 42",13,"$16,000,000"
06/24/2008,"10, 22, 36, 50, 53",39,"$25,000,000"
06/27/2008,"8, 14, 22, 39, 50",44,"$34,000,000"
07/01/2008,"1, 22, 33, 43, 52",36,"$43,000,000"
07/04/2008,"1, 3, 12, 19, 20",28,"$53,000,000"
07/08/2008,"1, 20, 22, 29, 41",35,"$64,000,000"
07/11/2008,"5, 14, 16, 39, 51",34,"$75,000,000"
07/15/2008,"19, 24, 34, 45, 51",40,"$88,000,000"
07/18/2008,"17, 29, 36, 53, 55",26,"$105,000,000"
07/22/2008,"2, 16, 23, 29, 32",46,"1 Winner
											$126,000,000"
07/25/2008,"2, 16, 19, 35, 52",17,"$12,000,000"
07/29/2008,"11, 13, 20, 30, 42",3,"$16,000,000"
08/01/2008,"9, 13, 17, 18, 56",2,"$25,000,000"
08/05/2008,"9, 21, 36, 38, 55",13,"$34,000,000"
08/08/2008,"11, 17, 28, 32, 50",33,"$45,000,000"
08/12/2008,"2, 7, 23, 38, 40",40,"$56,000,000"
08/15/2008,"8, 23, 29, 30, 53",7,"$70,000,000"
08/19/2008,"9, 18, 19, 26, 40",38,"$81,000,000"
08/22/2008,"12, 13, 15, 41, 42",37,"$95,000,000"
08/26/2008,"6, 16, 24, 34, 36",30,"$114,000,000"
08/29/2008,"21, 25, 26, 50, 51",22,"1 Winner
											$133,000,000"
09/02/2008,"14, 23, 43, 44, 54",39,"$12,000,000"
09/05/2008,"1, 6, 15, 27, 46",39,"$16,000,000"
09/09/2008,"22, 23, 28, 49, 52",2,"1 Winner
											$24,000,000"
09/12/2008,"1, 12, 14, 25, 35",38,"$12,000,000"
09/16/2008,"13, 24, 39, 51, 52",44,"1 Winner
											$15,000,000"
09/19/2008,"2, 9, 41, 48, 51",37,"$12,000,000"
09/23/2008,"9, 32, 34, 43, 52",4,"$16,000,000"
09/26/2008,"6, 13, 14, 31, 36",36,"$24,000,000"
09/30/2008,"9, 30, 35, 39, 49",36,"$32,000,000"
10/03/2008,"13, 28, 32, 41, 52",16,"1 Winner
											$42,000,000"
10/07/2008,"2, 25, 35, 38, 42",34,"$12,000,000"
10/10/2008,"14, 15, 43, 46, 48",21,"$16,000,000"
10/14/2008,"14, 35, 41, 42, 51",23,"$23,000,000"
10/17/2008,"7, 15, 27, 28, 31",35,"$32,000,000"
10/21/2008,"16, 19, 39, 42, 44",38,"1 Winner
											$42,000,000"
10/24/2008,"5, 33, 34, 47, 52",18,"$12,000,000"
10/28/2008,"6, 39, 45, 46, 48",36,"$16,000,000"
10/31/2008,"2, 7, 17, 29, 47",40,"$23,000,000"
11/04/2008,"10, 21, 23, 41, 55",9,"$31,000,000"
11/07/2008,"14, 24, 32, 43, 44",21,"$42,000,000"
11/11/2008,"5, 27, 38, 42, 55",41,"$51,000,000"
11/14/2008,"3, 18, 19, 30, 34",3,"$62,000,000"
11/18/2008,"10, 15, 22, 52, 53",12,"$73,000,000"
11/21/2008,"1, 22, 52, 53, 56",45,"$86,000,000"
11/25/2008,"2, 11, 22, 51, 52",46,"$96,000,000"
11/28/2008,"10, 30, 44, 46, 48",44,"$111,000,000"
12/02/2008,"2, 17, 22, 32, 51",35,"$128,000,000"
12/05/2008,"21, 27, 46, 52, 55",14,"$146,000,000"
12/09/2008,"11, 12, 26, 31, 33",27,"$170,000,000"
12/12/2008,"10, 16, 19, 27, 48",25,"1 Winner
											$207,000,000"
12/16/2008,"10, 14, 16, 29, 40",6,"$12,000,000"
12/19/2008,"3, 13, 16, 39, 54",32,"$16,000,000"
12/23/2008,"1, 8, 13, 27, 41",45,"$22,000,000"
12/26/2008,"6, 19, 29, 33, 37",31,"$29,000,000"
12/30/2008,"1, 22, 29, 44, 52",39,"$37,000,000"
01/02/2009,"2, 11, 19, 21, 34",38,"1 Winner
											$47,000,000"
01/06/2009,"3, 11, 12, 19, 33",30,"$12,000,000"
01/09/2009,"23, 25, 30, 45, 50",8,"$16,000,000"
01/13/2009,"22, 25, 33, 36, 48",40,"1 Winner
											$22,000,000"
01/16/2009,"2, 4, 21, 39, 51",29,"$12,000,000"
01/20/2009,"1, 9, 10, 35, 46",9,"$16,000,000"
01/23/2009,"2, 17, 20, 27, 28",7,"$21,000,000"
01/27/2009,"3, 11, 12, 14, 21",25,"$30,000,000"
01/30/2009,"13, 16, 19, 53, 55",2,"$40,000,000"
02/03/2009,"4, 15, 29, 43, 56",29,"$50,000,000"
02/06/2009,"2, 12, 18, 28, 31",3,"$60,000,000"
02/10/2009,"18, 29, 38, 43, 47",7,"$73,000,000"
02/13/2009,"25, 36, 37, 40, 51",20,"$85,000,000"
02/17/2009,"1, 9, 23, 27, 33",24,"$103,000,000"
02/20/2009,"21, 28, 41, 45, 55",24,"$120,000,000"
02/24/2009,"1, 27, 28, 35, 40",6,"$145,000,000"
02/27/2009,"24, 37, 44, 50, 56",35,"$171,000,000"
03/03/2009,"26, 32, 35, 43, 52",10,"1 Winner
											$216,000,000"
03/06/2009,"11, 18, 37, 46, 55",45,"$12,000,000"
03/10/2009,"2, 27, 31, 39, 40",23,"$16,000,000"
03/13/2009,"10, 12, 26, 46, 50",23,"1 Winner
											$26,000,000"
03/17/2009,"9, 15, 24, 28, 31",17,"$12,000,000"
03/20/2009,"15, 16, 20, 39, 40",26,"$16,000,000"
03/24/2009,"4, 25, 34, 43, 44",45,"$24,000,000"
03/27/2009,"10, 15, 24, 38, 50",19,"$34,000,000"
03/31/2009,"14, 39, 47, 48, 53",29,"$43,000,000"
04/03/2009,"16, 22, 38, 39, 48",42,"$54,000,000"
04/07/2009,"2, 4, 13, 17, 36",15,"$65,000,000"
04/10/2009,"18, 25, 36, 42, 51",22,"$78,000,000"
04/14/2009,"4, 11, 22, 48, 50",42,"$92,000,000"
04/17/2009,"5, 13, 26, 35, 45",32,"$109,000,000"
04/21/2009,"5, 24, 37, 47, 52",6,"$130,000,000"
04/24/2009,"9, 20, 21, 48, 49",7,"$155,000,000"
04/28/2009,"15, 20, 24, 36, 44",6,"$181,000,000"
05/01/2009,"9, 16, 24, 40, 43",35,"3 Winners
											$227,000,000.01"
05/05/2009,"5, 23, 38, 39, 54",3,"$12,000,000"
05/08/2009,"12, 27, 29, 32, 34",34,"$17,000,000"
05/12/2009,"4, 8, 10, 14, 51",31,"$28,000,000"
05/15/2009,"7, 12, 24, 36, 48",27,"2 Winners
											$38,000,000"
05/19/2009,"2, 4, 9, 15, 42",13,"$12,000,000"
05/22/2009,"3, 29, 34, 42, 49",29,"$16,000,000"
05/26/2009,"9, 18, 21, 37, 55",33,"$25,000,000"
05/29/2009,"23, 30, 36, 39, 48",34,"1 Winner
											$35,000,000"
06/02/2009,"9, 13, 26, 30, 35",33,"$12,000,000"
06/05/2009,"5, 20, 38, 41, 52",20,"$17,000,000"
06/09/2009,"5, 17, 31, 36, 56",46,"$25,000,000"
06/12/2009,"6, 11, 20, 32, 44",38,"$36,000,000"
06/16/2009,"9, 15, 21, 26, 45",25,"$46,000,000"
06/19/2009,"4, 9, 12, 16, 46",44,"$57,000,000"
06/23/2009,"12, 14, 16, 31, 50",9,"$68,000,000"
06/26/2009,"11, 15, 17, 29, 46",16,"$81,000,000"
06/30/2009,"7, 34, 49, 54, 55",34,"$94,000,000"
07/03/2009,"5, 6, 7, 11, 25",31,"$113,000,000"
07/07/2009,"25, 27, 35, 38, 39",28,"1 Winner
											$133,000,000"
07/10/2009,"5, 10, 26, 27, 28",4,"$12,000,000"
07/14/2009,"20, 29, 35, 45, 53",41,"$16,000,000"
07/17/2009,"8, 17, 40, 47, 50",13,"$27,000,000"
07/21/2009,"3, 8, 21, 50, 52",2,"$37,000,000"
07/24/2009,"3, 6, 43, 51, 52",36,"$48,000,000"
07/28/2009,"4, 17, 24, 25, 48",34,"$60,000,000"
07/31/2009,"17, 35, 44, 52, 56",22,"$73,000,000"
08/04/2009,"1, 28, 34, 42, 50",27,"$84,000,000"
08/07/2009,"7, 18, 35, 45, 56",3,"$102,000,000"
08/11/2009,"6, 12, 15, 32, 42",40,"$124,000,000"
08/14/2009,"8, 22, 25, 33, 35",46,"$146,000,000"
08/18/2009,"4, 5, 26, 37, 56",25,"$170,000,000"
08/21/2009,"9, 38, 44, 48, 49",13,"$207,000,000"
08/25/2009,"3, 12, 19, 22, 40",2,"$252,000,000"
08/28/2009,"1, 17, 31, 37, 54",31,"2 Winners
											$336,000,000"
09/01/2009,"2, 9, 28, 51, 53",19,"1 Winner
											$12,000,000"
09/04/2009,"2, 4, 6, 21, 44",37,"$12,000,000"
09/08/2009,"4, 10, 18, 28, 50",35,"$18,000,000"
09/11/2009,"16, 27, 48, 49, 54",2,"$28,000,000"
09/15/2009,"29, 30, 32, 35, 41",39,"$38,000,000"
09/18/2009,"18, 27, 31, 36, 52",33,"$51,000,000"
09/22/2009,"26, 29, 33, 39, 46",24,"$62,000,000"
09/25/2009,"7, 27, 42, 49, 52",19,"$75,000,000"
09/29/2009,"2, 21, 25, 45, 50",21,"$88,000,000"
10/02/2009,"15, 24, 51, 53, 55",11,"$105,000,000"
10/06/2009,"9, 33, 51, 53, 56",39,"$122,000,000"
10/09/2009,"3, 14, 21, 24, 51",14,"$145,000,000"
10/13/2009,"17, 31, 34, 45, 51",24,"$170,000,000"
10/16/2009,"10, 13, 18, 33, 51",43,"1 Winner
											$200,000,000"
10/20/2009,"13, 17, 25, 45, 55",8,"$12,000,000"
10/23/2009,"27, 45, 48, 54, 56",2,"$18,000,000"
10/27/2009,"7, 13, 37, 46, 51",2,"$28,000,000"
10/30/2009,"4, 15, 17, 29, 38",20,"$40,000,000"
11/03/2009,"5, 18, 23, 31, 38",20,"$50,000,000"
11/06/2009,"7, 11, 27, 40, 46",8,"$63,000,000"
11/10/2009,"8, 21, 29, 34, 37",15,"2 Winners
											$77,000,000"
11/13/2009,"27, 43, 45, 49, 54",44,"$12,000,000"
11/17/2009,"8, 22, 27, 49, 50",28,"$17,000,000"
11/20/2009,"3, 4, 7, 16, 56",39,"$27,000,000"
11/24/2009,"10, 11, 35, 37, 50",12,"$37,000,000"
11/27/2009,"12, 25, 37, 39, 45",11,"$47,000,000"
12/01/2009,"17, 30, 39, 52, 53",21,"$57,000,000"
12/04/2009,"4, 33, 41, 51, 56",38,"$69,000,000"
12/08/2009,"20, 23, 28, 30, 46",29,"$83,000,000"
12/11/2009,"2, 21, 27, 34, 44",45,"$100,000,000"
12/15/2009,"27, 31, 32, 36, 47",35,"$118,000,000"
12/18/2009,"10, 20, 30, 44, 49",24,"$140,000,000"
12/22/2009,"3, 33, 35, 39, 45",13,"1 Winner
											$165,000,000"
12/25/2009,"4, 16, 44, 52, 54",20,"$12,000,000"
12/29/2009,"2, 5, 29, 35, 51",3,"$16,000,000"
01/01/2010,"6, 8, 27, 40, 41",21,"$27,000,000"
01/05/2010,"13, 28, 39, 50, 55",10,"$37,000,000"
01/08/2010,"18, 20, 31, 36, 43",33,"$48,000,000"
01/12/2010,"5, 9, 31, 37, 56",16,"$60,000,000"
01/15/2010,"4, 7, 19, 21, 38",29,"$73,000,000"
01/19/2010,"4, 5, 34, 38, 41",18,"$86,000,000"
01/22/2010,"8, 13, 27, 28, 52",9,"$105,000,000"
01/26/2010,"7, 8, 38, 39, 48",22,"$121,000,000"
01/29/2010,"1, 10, 22, 23, 38",19,"1 Winner
											$144,000,000"
02/02/2010,"6, 7, 26, 27, 49",9,"$12,000,000"
02/05/2010,"10, 20, 45, 51, 53",41,"$20,000,000"
02/09/2010,"2, 17, 20, 26, 48",12,"$32,000,000"
02/12/2010,"14, 16, 17, 33, 47",23,"$44,000,000"
02/16/2010,"11, 12, 21, 29, 45",5,"$56,000,000"
02/19/2010,"1, 22, 39, 42, 46",36,"$68,000,000"
02/23/2010,"4, 16, 36, 40, 53",18,"$83,000,000"
02/26/2010,"4, 14, 29, 54, 56",40,"$99,000,000"
03/02/2010,"9, 12, 47, 48, 56",25,"$112,000,000"
03/05/2010,"11, 31, 34, 44, 52",32,"1 Winner
											$133,000,000"
03/09/2010,"14, 16, 18, 19, 29",16,"$12,000,000"
03/12/2010,"2, 15, 25, 48, 53",41,"1 Winner
											$20,000,000"
03/16/2010,"3, 22, 48, 52, 56",13,"$12,000,000"
03/19/2010,"10, 31, 45, 50, 54",25,"$20,000,000"
03/23/2010,"3, 25, 28, 29, 40",13,"$29,000,000"
03/26/2010,"23, 41, 46, 47, 52",22,"$40,000,000"
03/30/2010,"1, 11, 24, 38, 44",41,"$51,000,000"
04/02/2010,"2, 17, 22, 30, 31",19,"$63,000,000"
04/06/2010,"16, 43, 44, 52, 56",26,"$76,000,000"
04/09/2010,"15, 18, 39, 48, 53",3,"$90,000,000"
04/13/2010,"3, 12, 27, 39, 47",32,"$105,000,000"
04/16/2010,"10, 16, 31, 48, 50",44,"$122,000,000"
04/20/2010,"5, 8, 10, 34, 42",25,"$143,000,000"
04/23/2010,"19, 26, 28, 37, 52",18,"$166,000,000"
04/27/2010,"23, 37, 41, 50, 55",6,"$191,000,000"
04/30/2010,"14, 20, 41, 47, 53",40,"$224,000,000"
05/04/2010,"9, 21, 31, 36, 43",8,"1 Winner
											$266,000,000"
05/07/2010,"2, 7, 20, 34, 50",40,"$12,000,000"
05/11/2010,"26, 33, 43, 46, 54",9,"$19,000,000"
05/14/2010,"20, 21, 40, 47, 56",12,"$31,000,000"
05/18/2010,"11, 13, 19, 37, 40",26,"$42,000,000"
05/21/2010,"15, 20, 23, 26, 30",17,"$54,000,000"
05/25/2010,"5, 14, 17, 19, 24",25,"1 Winner
											$64,000,000"
05/28/2010,"3, 11, 20, 29, 39",26,"1 Winner
											$12,000,000"
06/01/2010,"12, 27, 44, 45, 51",30,"$12,000,000"
06/04/2010,"12, 13, 15, 17, 50",23,"$17,000,000"
06/08/2010,"12, 18, 28, 48, 54",6,"$26,000,000"
06/11/2010,"6, 13, 33, 34, 42",25,"1 Winner
											$36,000,000"
06/15/2010,"4, 12, 13, 21, 27",46,"$12,000,000"
06/18/2010,"11, 36, 37, 41, 55",7,"$17,000,000"
06/22/2010,"12, 17, 21, 23, 30",24,"1 Winner
											$26,000,000"
06/25/2010,"1, 2, 13, 19, 27",21,"$12,000,000"
06/29/2010,"3, 4, 15, 27, 37",35,"$16,000,000"
07/02/2010,"1, 10, 12, 32, 36",25,"$25,000,000"
07/06/2010,"8, 18, 45, 47, 50",36,"$34,000,000"
07/09/2010,"1, 31, 33, 34, 50",41,"$43,000,000"
07/13/2010,"7, 11, 14, 15, 34",14,"$52,000,000"
07/16/2010,"2, 15, 18, 20, 39",34,"1 Winner
											$64,000,000"
07/20/2010,"12, 18, 28, 36, 43",19,"$12,000,000"
07/23/2010,"16, 19, 39, 44, 49",26,"$16,000,000"
07/27/2010,"2, 7, 10, 16, 29",8,"$24,000,000"
07/30/2010,"11, 30, 40, 48, 52",42,"$33,000,000"
08/03/2010,"4, 13, 20, 22, 56",32,"$42,000,000"
08/06/2010,"7, 13, 30, 33, 54",30,"$53,000,000"
08/10/2010,"2, 14, 26, 50, 56",12,"$64,000,000"
08/13/2010,"6, 17, 24, 43, 55",36,"$75,000,000"
08/17/2010,"11, 19, 40, 43, 44",33,"$86,000,000"
08/20/2010,"4, 13, 20, 29, 48",36,"$100,000,000"
08/24/2010,"4, 23, 24, 28, 32",31,"$115,000,000"
08/27/2010,"4, 10, 26, 32, 41",31,"1 Winner
											$133,000,000"
08/31/2010,"10, 20, 29, 47, 48",38,"$12,000,000"
09/03/2010,"10, 13, 20, 28, 36",9,"$16,000,000"
09/07/2010,"8, 18, 22, 24, 38",23,"$25,000,000"
09/10/2010,"11, 12, 17, 21, 23",20,"$34,000,000"
09/14/2010,"6, 14, 50, 55, 56",1,"$44,000,000"
09/17/2010,"3, 4, 14, 18, 27",13,"1 Winner
											$54,000,000"
09/21/2010,"3, 20, 43, 47, 52",26,"$12,000,000"
09/24/2010,"2, 28, 38, 42, 55",25,"$16,000,000"
09/28/2010,"2, 10, 13, 36, 38",18,"$23,000,000"
10/01/2010,"3, 8, 21, 28, 52",43,"$32,000,000"
10/05/2010,"10, 19, 24, 37, 44",27,"$41,000,000"
10/08/2010,"24, 29, 37, 48, 50",19,"$51,000,000"
10/12/2010,"10, 31, 36, 37, 43",15,"$61,000,000"
10/15/2010,"9, 10, 13, 31, 50",10,"$72,000,000"
10/19/2010,"2, 9, 14, 37, 42",41,"$86,000,000"
10/22/2010,"2, 7, 18, 32, 53",18,"$101,000,000"
10/26/2010,"15, 21, 30, 31, 32",26,"$118,000,000"
10/29/2010,"4, 19, 26, 28, 39",14,"1 Winner
											$140,000,000"
11/02/2010,"1, 3, 12, 16, 54",46,"$12,000,000"
11/05/2010,"19, 25, 34, 46, 53",15,"$16,000,000"
11/09/2010,"8, 26, 28, 33, 53",11,"1 Winner
											$25,000,000"
11/12/2010,"9, 26, 28, 35, 38",10,"$12,000,000"
11/16/2010,"1, 26, 27, 39, 46",21,"$16,000,000"
11/19/2010,"7, 14, 31, 51, 54",35,"$25,000,000"
11/23/2010,"2, 6, 12, 34, 35",33,"$34,000,000"
11/26/2010,"5, 9, 34, 43, 47",8,"$42,000,000"
11/30/2010,"11, 16, 19, 47, 53",2,"$52,000,000"
12/03/2010,"6, 11, 12, 18, 56",12,"$62,000,000"
12/07/2010,"4, 38, 45, 53, 54",9,"$74,000,000"
12/10/2010,"23, 27, 33, 44, 46",36,"$88,000,000"
12/14/2010,"18, 22, 25, 31, 38",29,"$104,000,000"
12/17/2010,"11, 20, 26, 46, 53",12,"$123,000,000"
12/21/2010,"8, 11, 12, 31, 32",29,"$145,000,000"
12/24/2010,"15, 16, 27, 40, 52",16,"$168,000,000"
12/28/2010,"6, 18, 36, 40, 49",7,"$200,000,000"
12/31/2010,"10, 12, 13, 35, 56",9,"$242,000,000"
01/04/2011,"4, 8, 15, 25, 47",42,"2 Winners
											$355,000,000"
01/07/2011,"4, 22, 42, 46, 53",20,"$12,000,000"
01/11/2011,"1, 4, 11, 16, 45",37,"$20,000,000"
01/14/2011,"2, 15, 17, 33, 35",8,"$30,000,000"
01/18/2011,"4, 27, 29, 38, 45",5,"$40,000,000"
01/21/2011,"5, 9, 21, 35, 38",20,"$51,000,000"
01/25/2011,"5, 8, 31, 46, 50",4,"$63,000,000"
01/28/2011,"14, 33, 48, 49, 50",18,"$77,000,000"
02/01/2011,"16, 22, 23, 26, 35",31,"2 Winners
											$91,000,000"
02/04/2011,"6, 20, 29, 48, 55",6,"$12,000,000"
02/08/2011,"25, 35, 36, 47, 48",18,"$19,000,000"
02/11/2011,"8, 9, 17, 32, 34",13,"$30,000,000"
02/15/2011,"17, 18, 24, 35, 39",18,"$40,000,000"
02/18/2011,"5, 6, 7, 30, 45",42,"$52,000,000"
02/22/2011,"15, 22, 23, 48, 55",31,"$64,000,000"
02/25/2011,"4, 5, 17, 19, 50",7,"$76,000,000"
03/01/2011,"1, 12, 19, 20, 47",25,"$88,000,000"
03/04/2011,"8, 10, 15, 23, 41",7,"$105,000,000"
03/08/2011,"3, 17, 19, 41, 55",24,"$127,000,000"
03/11/2011,"14, 19, 21, 42, 45",6,"$151,000,000"
03/15/2011,"10, 11, 12, 28, 43",45,"$172,000,000"
03/18/2011,"14, 33, 34, 54, 56",37,"$201,000,000"
03/22/2011,"1, 14, 35, 50, 53",43,"$244,000,000"
03/25/2011,"22, 24, 31, 52, 54",4,"1 Winner
											$319,000,000"
03/29/2011,"6, 15, 23, 34, 38",43,"$12,000,000"
04/01/2011,"13, 14, 35, 36, 53",19,"$19,000,000"
04/05/2011,"1, 19, 20, 31, 36",9,"$30,000,000"
04/08/2011,"6, 40, 45, 50, 56",11,"$44,000,000"
04/12/2011,"10, 23, 39, 41, 45",15,"$58,000,000"
04/15/2011,"22, 23, 33, 39, 48",29,"1 Winner
											$72,000,000"
04/19/2011,"20, 24, 32, 45, 51",43,"$12,000,000"
04/22/2011,"3, 18, 46, 51, 53",17,"$19,000,000"
04/26/2011,"19, 29, 32, 38, 55",15,"$29,000,000"
04/29/2011,"9, 10, 11, 33, 51",29,"$40,000,000"
05/03/2011,"1, 16, 29, 36, 50",16,"1 Winner
											$51,000,000"
05/06/2011,"6, 18, 26, 37, 41",9,"$12,000,000"
05/10/2011,"11, 16, 34, 40, 51",34,"$18,000,000"
05/13/2011,"3, 33, 39, 47, 53",9,"1 Winner
											$27,000,000"
05/17/2011,"1, 2, 17, 25, 48",45,"$12,000,000"
05/20/2011,"10, 17, 19, 45, 48",30,"$16,000,000"
05/24/2011,"9, 12, 21, 42, 43",42,"$26,000,000"
05/27/2011,"5, 7, 14, 28, 56",10,"1 Winner
											$35,000,000"
05/31/2011,"28, 30, 31, 37, 55",13,"$12,000,000"
06/03/2011,"20, 23, 41, 49, 53",31,"$15,000,000"
06/07/2011,"29, 32, 35, 47, 52",13,"$24,000,000"
06/10/2011,"18, 21, 27, 37, 38",7,"$33,000,000"
06/14/2011,"9, 10, 20, 51, 53",24,"$42,000,000"
06/17/2011,"12, 29, 46, 47, 51",24,"$53,000,000"
06/21/2011,"11, 24, 25, 31, 46",17,"$64,000,000"
06/24/2011,"10, 14, 40, 49, 51",4,"$76,000,000"
06/28/2011,"12, 17, 27, 47, 48",33,"$88,000,000"
07/01/2011,"12, 17, 30, 35, 47",26,"1 Winner
											$105,000,000"
07/05/2011,"1, 10, 13, 18, 46",19,"$12,000,000"
07/08/2011,"1, 2, 22, 37, 50",45,"$16,000,000"
07/12/2011,"3, 9, 11, 44, 49",9,"$24,000,000"
07/15/2011,"16, 29, 30, 46, 56",6,"$33,000,000"
07/19/2011,"2, 9, 10, 16, 35",40,"$43,000,000"
07/22/2011,"23, 31, 32, 39, 56",38,"$53,000,000"
07/26/2011,"20, 25, 35, 52, 55",10,"$63,000,000"
07/29/2011,"8, 10, 22, 47, 48",35,"$74,000,000"
08/02/2011,"14, 17, 19, 20, 32",28,"$85,000,000"
08/05/2011,"6, 24, 28, 33, 42",19,"1 Winner
											$99,000,000"
08/09/2011,"11, 19, 39, 45, 54",15,"$12,000,000"
08/12/2011,"9, 43, 51, 54, 55",13,"$16,000,000"
08/16/2011,"4, 38, 41, 42, 43",44,"$24,000,000"
08/19/2011,"5, 15, 53, 54, 56",22,"1 Winner
											$32,000,000"
08/23/2011,"11, 21, 44, 48, 49",23,"$12,000,000"
08/26/2011,"2, 3, 27, 30, 47",36,"$14,000,000"
08/30/2011,"2, 22, 25, 28, 50",18,"$21,000,000"
09/02/2011,"25, 44, 48, 49, 55",20,"$29,000,000"
09/06/2011,"1, 36, 38, 42, 49",19,"$37,000,000"
09/09/2011,"7, 12, 19, 23, 31",45,"$44,000,000"
09/13/2011,"22, 31, 43, 48, 56",45,"$54,000,000"
09/16/2011,"6, 23, 41, 45, 56",24,"$65,000,000"
09/20/2011,"6, 29, 38, 50, 51",39,"$75,000,000"
09/23/2011,"21, 27, 32, 40, 52",36,"$86,000,000"
09/27/2011,"2, 20, 28, 36, 45",37,"$96,000,000"
09/30/2011,"3, 19, 21, 44, 45",29,"2 Winners
											$113,000,000"
10/04/2011,"3, 26, 40, 45, 52",11,"$12,000,000"
10/07/2011,"5, 15, 19, 23, 38",19,"$14,000,000"
10/11/2011,"25, 34, 38, 44, 56",27,"$22,000,000"
10/14/2011,"13, 35, 42, 45, 54",26,"$30,000,000"
10/18/2011,"24, 25, 45, 47, 53",42,"$39,000,000"
10/21/2011,"6, 21, 35, 37, 38",17,"$48,000,000"
10/25/2011,"13, 33, 40, 44, 46",8,"$57,000,000"
10/28/2011,"13, 31, 49, 52, 56",41,"$67,000,000"
11/01/2011,"27, 31, 39, 40, 46",36,"1 Winner
											$78,000,000"
11/04/2011,"26, 30, 32, 33, 44",1,"$12,000,000"
11/08/2011,"5, 31, 45, 47, 54",4,"$15,000,000"
11/11/2011,"2, 16, 22, 29, 50",27,"$22,000,000"
11/15/2011,"3, 6, 24, 30, 33",21,"$30,000,000"
11/18/2011,"4, 13, 33, 39, 55",3,"$40,000,000"
11/22/2011,"4, 16, 23, 33, 48",38,"$47,000,000"
11/25/2011,"22, 28, 42, 49, 54",43,"$55,000,000"
11/29/2011,"17, 29, 43, 48, 52",36,"$64,000,000"
12/02/2011,"24, 30, 48, 51, 56",45,"$75,000,000"
12/06/2011,"7, 21, 29, 35, 49",39,"$87,000,000"
12/09/2011,"4, 12, 29, 49, 51",44,"$100,000,000"
12/13/2011,"5, 6, 22, 26, 41",6,"$116,000,000"
12/16/2011,"2, 4, 26, 36, 39",27,"$135,000,000"
12/20/2011,"20, 24, 27, 45, 51",31,"$152,000,000"
12/23/2011,"3, 5, 8, 18, 29",14,"$173,000,000"
12/27/2011,"23, 32, 33, 39, 43",8,"1 Winner
											$206,000,000"
12/30/2011,"4, 24, 45, 46, 52",1,"$12,000,000"
01/03/2012,"2, 3, 15, 22, 36",23,"$15,000,000"
01/06/2012,"9, 17, 28, 34, 48",46,"$25,000,000"
01/10/2012,"4, 10, 16, 38, 48",34,"$33,000,000"
01/13/2012,"10, 27, 28, 37, 51",19,"$42,000,000"
01/17/2012,"3, 15, 31, 36, 53",27,"$50,000,000"
01/20/2012,"1, 9, 28, 38, 47",8,"$60,000,000"
01/24/2012,"10, 22, 24, 36, 49",33,"1 Winner
											$71,000,000"
01/27/2012,"3, 5, 30, 36, 48",23,"$12,000,000"
01/31/2012,"9, 17, 18, 28, 43",9,"$15,000,000"
02/03/2012,"7, 19, 21, 49, 53",35,"$23,000,000"
02/07/2012,"17, 23, 30, 37, 45",4,"$32,000,000"
02/10/2012,"3, 4, 18, 29, 50",20,"$41,000,000"
02/14/2012,"3, 5, 10, 26, 27",27,"$51,000,000"
02/17/2012,"16, 25, 28, 32, 40",3,"$61,000,000"
02/21/2012,"9, 30, 39, 42, 47",37,"$72,000,000"
02/24/2012,"1, 16, 18, 25, 27",3,"$83,000,000"
02/28/2012,"6, 15, 29, 39, 51",36,"$94,000,000"
03/02/2012,"16, 29, 48, 52, 54",5,"$108,000,000"
03/06/2012,"20, 24, 31, 33, 36",44,"$127,000,000"
03/09/2012,"9, 10, 27, 36, 42",11,"$148,000,000"
03/13/2012,"2, 8, 30, 36, 48",31,"$171,000,000"
03/16/2012,"28, 29, 43, 51, 53",7,"$200,000,000"
03/20/2012,"1, 4, 6, 11, 14",30,"$241,000,000"
03/23/2012,"6, 17, 19, 20, 21",20,"$290,000,000"
03/27/2012,"9, 19, 34, 44, 51",24,"$363,000,000"
03/30/2012,"2, 4, 23, 38, 46",23,"3 Winners
											$640,000,000"
04/03/2012,"11, 35, 38, 41, 52",40,"$12,000,000"
04/06/2012,"2, 19, 20, 24, 33",39,"$20,000,000"
04/10/2012,"2, 6, 12, 31, 48",25,"$31,000,000"
04/13/2012,"9, 14, 17, 36, 42",33,"$42,000,000"
04/17/2012,"1, 16, 24, 32, 48",2,"$53,000,000"
04/20/2012,"14, 23, 26, 33, 35",40,"$65,000,000"
04/24/2012,"3, 9, 15, 37, 38",39,"$76,000,000"
04/27/2012,"2, 5, 45, 46, 47",37,"$88,000,000"
05/01/2012,"24, 27, 31, 45, 52",38,"$102,000,000"
05/04/2012,"4, 11, 21, 42, 53",38,"1 Winner
											$118,000,000"
05/08/2012,"2, 6, 8, 18, 51",19,"$12,000,000"
05/11/2012,"3, 15, 29, 35, 54",8,"$16,000,000"
05/15/2012,"10, 11, 12, 14, 24",6,"1 Winner
											$25,000,000"
05/18/2012,"3, 11, 22, 34, 49",1,"$12,000,000"
05/22/2012,"10, 14, 35, 43, 52",16,"$16,000,000"
05/25/2012,"9, 15, 21, 40, 54",11,"$24,000,000"
05/29/2012,"2, 14, 29, 53, 55",31,"1 Winner
											$32,000,000"
06/01/2012,"2, 27, 38, 46, 52",45,"$12,000,000"
06/05/2012,"37, 39, 42, 53, 55",22,"$14,000,000"
06/08/2012,"4, 9, 34, 40, 48",25,"$22,000,000"
06/12/2012,"2, 9, 17, 34, 50",45,"$30,000,000"
06/15/2012,"8, 12, 18, 30, 40",4,"$39,000,000"
06/19/2012,"11, 21, 27, 30, 53",11,"$47,000,000"
06/22/2012,"10, 16, 19, 32, 36",13,"$55,000,000"
06/26/2012,"3, 16, 23, 35, 36",20,"$65,000,000"
06/29/2012,"28, 34, 39, 45, 53",34,"$75,000,000"
07/03/2012,"3, 4, 24, 36, 52",45,"1 Winner
											$86,000,000"
07/06/2012,"20, 23, 28, 35, 39",21,"$12,000,000"
07/10/2012,"3, 11, 19, 23, 36",21,"$14,000,000"
07/13/2012,"6, 7, 13, 24, 46",34,"$21,000,000"
07/17/2012,"1, 13, 21, 49, 55",17,"$28,000,000"
07/20/2012,"2, 44, 48, 50, 52",3,"$37,000,000"
07/24/2012,"5, 9, 38, 46, 51",5,"$45,000,000"
07/27/2012,"2, 3, 4, 8, 43",26,"1 Winner
											$52,000,000"
07/31/2012,"5, 18, 21, 29, 41",37,"$12,000,000"
08/03/2012,"2, 10, 13, 38, 46",2,"$13,000,000"
08/07/2012,"30, 32, 33, 42, 48",7,"$21,000,000"
08/10/2012,"10, 18, 36, 38, 44",8,"$29,000,000"
08/14/2012,"15, 23, 34, 39, 55",32,"$36,000,000"
08/17/2012,"8, 20, 24, 35, 56",24,"$45,000,000"
08/21/2012,"5, 13, 20, 23, 33",30,"$55,000,000"
08/24/2012,"25, 34, 45, 46, 49",34,"$65,000,000"
08/28/2012,"4, 9, 40, 45, 50",39,"$73,000,000"
08/31/2012,"31, 40, 41, 47, 48",45,"$83,000,000"
09/04/2012,"16, 32, 39, 41, 53",16,"$93,000,000"
09/07/2012,"15, 32, 38, 42, 46",31,"$105,000,000"
09/11/2012,"5, 11, 20, 33, 36",11,"1 Winner
											$120,000,000"
09/14/2012,"16, 17, 21, 40, 51",20,"$12,000,000"
09/18/2012,"5, 9, 22, 36, 49",36,"1 Winner
											$15,000,000"
09/21/2012,"3, 13, 14, 46, 55",34,"$12,000,000"
09/25/2012,"7, 8, 23, 50, 51",26,"$14,000,000"
09/28/2012,"6, 8, 14, 43, 56",28,"$21,000,000"
10/02/2012,"10, 11, 20, 42, 55",9,"$28,000,000"
10/05/2012,"8, 9, 16, 32, 39",15,"$36,000,000"
10/09/2012,"6, 15, 16, 22, 37",3,"$45,000,000"
10/12/2012,"6, 10, 24, 26, 42",15,"$53,000,000"
10/16/2012,"13, 37, 40, 46, 52",29,"2 Winners
											$61,000,000"
10/19/2012,"14, 34, 36, 48, 53",42,"$12,000,000"
10/23/2012,"1, 17, 42, 46, 55",1,"$13,000,000"
10/26/2012,"4, 15, 24, 36, 40",44,"$21,000,000"
10/30/2012,"5, 12, 18, 29, 56",38,"$27,000,000"
11/02/2012,"4, 18, 22, 38, 44",24,"1 Winner
											$32,000,000"
11/06/2012,"3, 5, 13, 32, 35",6,"$12,000,000"
11/09/2012,"18, 22, 33, 35, 40",11,"$13,000,000"
11/13/2012,"6, 12, 31, 46, 56",34,"$19,000,000"
11/16/2012,"5, 24, 26, 29, 53",36,"$26,000,000"
11/20/2012,"9, 13, 22, 38, 52",44,"$33,000,000"
11/23/2012,"8, 37, 44, 47, 48",27,"$41,000,000"
11/27/2012,"5, 12, 26, 42, 49",24,"1 Winner
											$49,000,000"
11/30/2012,"11, 22, 24, 28, 31",46,"$12,000,000"
12/04/2012,"3, 19, 24, 32, 43",44,"$13,000,000"
12/07/2012,"7, 43, 44, 51, 56",4,"$20,000,000"
12/11/2012,"39, 44, 51, 52, 54",13,"$27,000,000"
12/14/2012,"11, 28, 33, 41, 43",41,"1 Winner
											$35,000,000"
12/18/2012,"1, 6, 7, 18, 29",16,"$12,000,000"
12/21/2012,"3, 18, 32, 41, 56",19,"$12,000,000"
12/25/2012,"2, 3, 18, 34, 48",36,"$18,000,000"
12/28/2012,"10, 13, 32, 40, 41",32,"$25,000,000"
